metric,value
total_closed,19.0
gross_pnl,48721.09999999998
net_pnl,46378.36309999997
avg_pnl,2440.966478947367
max_win,9834.969399999994
max_loss,-7288.3822
