metric,value
total_closed,3.0
avg_pnl,235.3366666666666
avg_pnl_comm,232.95656916666655
avg_size,1.0
win_rate,0.6666666666666666
loss_rate,0.3333333333333333
profit_factor,8.264224714476791
