metric,value
total_closed,7.0
avg_pnl,5238.942857142858
avg_pnl_comm,5189.955834285714
avg_size,1.0
win_rate,0.8571428571428571
loss_rate,0.14285714285714285
profit_factor,66.65091299677783
